MATH001 None
MATH002 MATH001
PHYS001 None
PHYS002 PHYS001
CSCE002 CSCE001
ECEN203 CSCE002
CSCE001 None
ECEN101 PHYS001
MATH103 MATH002
MATH205 MATH002
MATH104 MATH002
ECEN202 ECEN101
ECEN202 MATH002
MENG102 MENG101
ENGR002 ENGR001
ENGR001 None
MENG101 None
0